{
  "name": "Base de Conocimiento - Google Drive",
  "nodes": [
    {
      "parameters": {
        "assignments": {
          "assignments": [
            {
              "id": "dea6f139-eb09-4f9e-8484-c67357e6c1be",
              "name": "file_id",
              "value": "={{ $json.id }}",
              "type": "string"
            }
          ]
        },
        "options": {}
      },
      "type": "n8n-nodes-base.set",
      "typeVersion": 3.4,
      "position": [
        -40,
        -140
      ],
      "id": "a9a78e79-af41-45ed-bcb2-b862ddb90158",
      "name": "Edit Fields"
    },
    {
      "parameters": {
        "operation": "download",
        "fileId": {
          "__rl": true,
          "value": "={{ $json.file_id }}",
          "mode": "id"
        },
        "options": {}
      },
      "type": "n8n-nodes-base.googleDrive",
      "typeVersion": 3,
      "position": [
        180,
        -140
      ],
      "id": "d269dc61-2c4b-4d4e-a23e-2ff9f0900475",
      "name": "Google Drive",
      "credentials": {
        "googleDriveOAuth2Api": {
          "id": "TaBPs2EKMDPLVM3i",
          "name": "Google Drive - Funciona"
        }
      }
    },
    {
      "parameters": {
        "operation": "text",
        "options": {}
      },
      "type": "n8n-nodes-base.extractFromFile",
      "typeVersion": 1,
      "position": [
        400,
        -140
      ],
      "id": "4ec46725-43fd-4b78-a805-8ffba56fe6c9",
      "name": "Extract from File"
    },
    {
      "parameters": {
        "mode": "insert",
        "tableName": {
          "__rl": true,
          "value": "documents",
          "mode": "list",
          "cachedResultName": "documents"
        },
        "options": {
          "queryName": "match_documents"
        }
      },
      "type": "@n8n/n8n-nodes-langchain.vectorStoreSupabase",
      "typeVersion": 1,
      "position": [
        620,
        -140
      ],
      "id": "554aeff4-4aab-4e8e-8206-2d13a0edf05f",
      "name": "Supabase Vector Store",
      "credentials": {
        "supabaseApi": {
          "id": "4poCOa6S5VUmmqwT",
          "name": "Supabase account 3"
        }
      }
    },
    {
      "parameters": {
        "options": {}
      },
      "type": "@n8n/n8n-nodes-langchain.embeddingsOpenAi",
      "typeVersion": 1.1,
      "position": [
        580,
        60
      ],
      "id": "3beee39c-ae87-41c4-8b85-5d94bb474af4",
      "name": "Embeddings OpenAI",
      "credentials": {
        "openAiApi": {
          "id": "xHHfDhEfSyMQOgry",
          "name": "OpenAi account"
        }
      }
    },
    {
      "parameters": {
        "options": {
          "metadata": {
            "metadataValues": [
              {
                "name": "file_id",
                "value": "={{ $('Edit Fields').item.json.file_id }}"
              }
            ]
          }
        }
      },
      "type": "@n8n/n8n-nodes-langchain.documentDefaultDataLoader",
      "typeVersion": 1,
      "position": [
        760,
        80
      ],
      "id": "22d01ea1-a19f-4fab-87b7-239700a716c6",
      "name": "Default Data Loader"
    },
    {
      "parameters": {
        "options": {}
      },
      "type": "@n8n/n8n-nodes-langchain.textSplitterRecursiveCharacterTextSplitter",
      "typeVersion": 1,
      "position": [
        860,
        300
      ],
      "id": "1e817c24-8ad2-40bf-af34-314829b0991b",
      "name": "Recursive Character Text Splitter"
    },
    {
      "parameters": {
        "pollTimes": {
          "item": [
            {
              "mode": "everyMinute"
            }
          ]
        },
        "triggerOn": "specificFolder",
        "folderToWatch": {
          "__rl": true,
          "value": "1fdzgWSQA3Bbfq6zQ6H-8kAzWoecWnxEu",
          "mode": "list",
          "cachedResultName": "YouTube Demo V1",
          "cachedResultUrl": "https://drive.google.com/drive/folders/1fdzgWSQA3Bbfq6zQ6H-8kAzWoecWnxEu"
        },
        "event": "fileUpdated",
        "options": {}
      },
      "type": "n8n-nodes-base.googleDriveTrigger",
      "typeVersion": 1,
      "position": [
        -320,
        560
      ],
      "id": "052249f1-65a4-4a9c-8196-c2946581cd2c",
      "name": "Actualizar Documento",
      "credentials": {
        "googleDriveOAuth2Api": {
          "id": "TaBPs2EKMDPLVM3i",
          "name": "Google Drive - Funciona"
        }
      }
    },
    {
      "parameters": {
        "pollTimes": {
          "item": [
            {
              "mode": "everyMinute"
            }
          ]
        },
        "triggerOn": "specificFolder",
        "folderToWatch": {
          "__rl": true,
          "value": "1fdzgWSQA3Bbfq6zQ6H-8kAzWoecWnxEu",
          "mode": "list",
          "cachedResultName": "YouTube Demo V1",
          "cachedResultUrl": "https://drive.google.com/drive/folders/1fdzgWSQA3Bbfq6zQ6H-8kAzWoecWnxEu"
        },
        "event": "fileCreated",
        "options": {}
      },
      "type": "n8n-nodes-base.googleDriveTrigger",
      "typeVersion": 1,
      "position": [
        -260,
        -140
      ],
      "id": "8c1b4779-c71c-497c-8b78-de8fd066226e",
      "name": "Crear Documento",
      "credentials": {
        "googleDriveOAuth2Api": {
          "id": "TaBPs2EKMDPLVM3i",
          "name": "Google Drive - Funciona"
        }
      }
    },
    {
      "parameters": {
        "operation": "delete",
        "tableId": "documents",
        "filterType": "string",
        "filterString": "=metadata->>file_id=like.*{{ $json.id }}*"
      },
      "type": "n8n-nodes-base.supabase",
      "typeVersion": 1,
      "position": [
        -120,
        560
      ],
      "id": "5196f130-6ac1-4cc8-b9f9-5b05a15ed55d",
      "name": "Supabase",
      "credentials": {
        "supabaseApi": {
          "id": "4poCOa6S5VUmmqwT",
          "name": "Supabase account 3"
        }
      }
    },
    {
      "parameters": {
        "assignments": {
          "assignments": [
            {
              "id": "f5414733-5b7a-4ac2-89db-f83bf7026174",
              "name": "file_id",
              "value": "={{ $('Actualizar Documento').item.json.id }}",
              "type": "string"
            }
          ]
        },
        "options": {}
      },
      "type": "n8n-nodes-base.set",
      "typeVersion": 3.4,
      "position": [
        100,
        560
      ],
      "id": "6a442bab-f02f-406d-8cf9-7451945f5212",
      "name": "Edit Fields1"
    },
    {
      "parameters": {},
      "type": "n8n-nodes-base.limit",
      "typeVersion": 1,
      "position": [
        320,
        560
      ],
      "id": "2501d9fd-ef9e-4775-939f-191a00368913",
      "name": "Limit"
    },
    {
      "parameters": {
        "operation": "download",
        "fileId": {
          "__rl": true,
          "value": "={{ $json.file_id }}",
          "mode": "id"
        },
        "options": {}
      },
      "type": "n8n-nodes-base.googleDrive",
      "typeVersion": 3,
      "position": [
        560,
        560
      ],
      "id": "87b568d5-356a-4fa4-9391-c83d9a364443",
      "name": "Google Drive1",
      "credentials": {
        "googleDriveOAuth2Api": {
          "id": "TaBPs2EKMDPLVM3i",
          "name": "Google Drive - Funciona"
        }
      }
    },
    {
      "parameters": {
        "operation": "text",
        "options": {}
      },
      "type": "n8n-nodes-base.extractFromFile",
      "typeVersion": 1,
      "position": [
        780,
        560
      ],
      "id": "d4db0c66-4e60-4030-bfe7-563a8bdc01f1",
      "name": "Extract from File1"
    },
    {
      "parameters": {
        "mode": "insert",
        "tableName": {
          "__rl": true,
          "value": "documents",
          "mode": "list",
          "cachedResultName": "documents"
        },
        "options": {
          "queryName": "match_documents"
        }
      },
      "type": "@n8n/n8n-nodes-langchain.vectorStoreSupabase",
      "typeVersion": 1,
      "position": [
        1060,
        560
      ],
      "id": "e39fde3a-535d-4dc0-afe8-7df7b7d375ac",
      "name": "Supabase Vector Store1",
      "credentials": {
        "supabaseApi": {
          "id": "4poCOa6S5VUmmqwT",
          "name": "Supabase account 3"
        }
      }
    },
    {
      "parameters": {
        "options": {}
      },
      "type": "@n8n/n8n-nodes-langchain.embeddingsOpenAi",
      "typeVersion": 1.1,
      "position": [
        1000,
        740
      ],
      "id": "812a7838-2f0d-4be0-8e4b-d144783990cf",
      "name": "Embeddings OpenAI1",
      "credentials": {
        "openAiApi": {
          "id": "xHHfDhEfSyMQOgry",
          "name": "OpenAi account"
        }
      }
    },
    {
      "parameters": {
        "options": {
          "metadata": {
            "metadataValues": [
              {
                "name": "file_id",
                "value": "={{ $('Limit').item.json.file_id}}"
              }
            ]
          }
        }
      },
      "type": "@n8n/n8n-nodes-langchain.documentDefaultDataLoader",
      "typeVersion": 1,
      "position": [
        1180,
        760
      ],
      "id": "eeadfffa-499f-438e-b07a-f581163e5ac8",
      "name": "Default Data Loader1"
    },
    {
      "parameters": {
        "options": {}
      },
      "type": "@n8n/n8n-nodes-langchain.textSplitterRecursiveCharacterTextSplitter",
      "typeVersion": 1,
      "position": [
        1200,
        920
      ],
      "id": "46d2b6a5-4ca0-4fff-b9c2-8419e0b16c0d",
      "name": "Recursive Character Text Splitter1"
    }
  ],
  "pinData": {},
  "connections": {
    "Edit Fields": {
      "main": [
        [
          {
            "node": "Google Drive",
            "type": "main",
            "index": 0
          }
        ]
      ]
    },
    "Google Drive": {
      "main": [
        [
          {
            "node": "Extract from File",
            "type": "main",
            "index": 0
          }
        ]
      ]
    },
    "Extract from File": {
      "main": [
        [
          {
            "node": "Supabase Vector Store",
            "type": "main",
            "index": 0
          }
        ]
      ]
    },
    "Embeddings OpenAI": {
      "ai_embedding": [
        [
          {
            "node": "Supabase Vector Store",
            "type": "ai_embedding",
            "index": 0
          }
        ]
      ]
    },
    "Default Data Loader": {
      "ai_document": [
        [
          {
            "node": "Supabase Vector Store",
            "type": "ai_document",
            "index": 0
          }
        ]
      ]
    },
    "Recursive Character Text Splitter": {
      "ai_textSplitter": [
        [
          {
            "node": "Default Data Loader",
            "type": "ai_textSplitter",
            "index": 0
          }
        ]
      ]
    },
    "Crear Documento": {
      "main": [
        [
          {
            "node": "Edit Fields",
            "type": "main",
            "index": 0
          }
        ]
      ]
    },
    "Actualizar Documento": {
      "main": [
        [
          {
            "node": "Supabase",
            "type": "main",
            "index": 0
          }
        ]
      ]
    },
    "Supabase": {
      "main": [
        [
          {
            "node": "Edit Fields1",
            "type": "main",
            "index": 0
          }
        ]
      ]
    },
    "Edit Fields1": {
      "main": [
        [
          {
            "node": "Limit",
            "type": "main",
            "index": 0
          }
        ]
      ]
    },
    "Limit": {
      "main": [
        [
          {
            "node": "Google Drive1",
            "type": "main",
            "index": 0
          }
        ]
      ]
    },
    "Google Drive1": {
      "main": [
        [
          {
            "node": "Extract from File1",
            "type": "main",
            "index": 0
          }
        ]
      ]
    },
    "Embeddings OpenAI1": {
      "ai_embedding": [
        [
          {
            "node": "Supabase Vector Store1",
            "type": "ai_embedding",
            "index": 0
          }
        ]
      ]
    },
    "Default Data Loader1": {
      "ai_document": [
        [
          {
            "node": "Supabase Vector Store1",
            "type": "ai_document",
            "index": 0
          }
        ]
      ]
    },
    "Recursive Character Text Splitter1": {
      "ai_textSplitter": [
        [
          {
            "node": "Default Data Loader1",
            "type": "ai_textSplitter",
            "index": 0
          }
        ]
      ]
    },
    "Extract from File1": {
      "main": [
        [
          {
            "node": "Supabase Vector Store1",
            "type": "main",
            "index": 0
          }
        ]
      ]
    }
  },
  "active": false,
  "settings": {
    "executionOrder": "v1"
  },
  "versionId": "b228b15f-421c-4bb4-955f-6d61d67c4100",
  "meta": {
    "instanceId": "aac574544802a17aad902d42e8f7770e23d852adf6e8e0ac80531236fecac715"
  },
  "id": "WqFN4ZzIQBDYFVzc",
  "tags": []
}